anio,aut,ent,aut_her,aut_fal,civ_det,civ_her,civ_fal,vic_her,vic_fal,let,tot
2007,mil,02,,1,,,,,,#,1
2007,mil,05,1,3,,,,,,#,1
2007,mil,09,,,,,,,,#,1
2007,mil,10,1,,4,3,3,,,1,7
2007,mil,11,,,,2,1,,,0.5,1
2007,mil,12,,,1,,,,,#,1
2007,mil,16,4,5,10,,6,,,#,4
2007,mil,18,,,3,2,,,,0,1
2007,mil,19,1,,9,2,,,,0,5
2007,mil,20,,,10,1,2,,,2,6
2007,mil,22,,,,,3,,,#,1
2007,mil,24,,,,,1,,,#,1
2007,mil,25,1,3,,1,5,,,5,5
2007,mil,26,1,1,,1,1,,,1,4
2007,mil,28,3,1,3,,,,,#,7
2007,mil,30,,,,,,,,#,1
2007,mil,32,,,,2,,,,0,1
2007,mil,00,12,14,40,14,22,,,1.571428571,48
2008,mil,01,,1,,2,1,,,0.5,1
2008,mil,02,2,1,8,1,4,,,4,5
2008,mil,05,,,,2,4,,,2,4
2008,mil,08,9,3,18,8,18,,,2.25,14
2008,mil,10,3,1,9,,3,,,#,10
2008,mil,11,2,,,1,3,,,3,2
2008,mil,12,1,1,6,,14,,,#,7
2008,mil,13,,,,1,1,,,1,1
2008,mil,16,5,1,8,2,4,,,2,9
2008,mil,17,,,,,,,,#,1
2008,mil,18,4,,,,1,,,#,1
2008,mil,19,1,,4,1,,,,0,8
2008,mil,20,,,2,,3,,,#,4
2008,mil,25,3,,1,,2,,,#,4
2008,mil,26,2,,1,,1,,,#,4
2008,mil,27,,,,3,2,,,0.666666667,2
2008,mil,28,18,4,34,1,5,,,5,23
2008,mil,30,,2,,3,3,,,1,5
2008,mil,32,2,,,1,2,,,2,2
2008,mil,00,52,14,91,26,71,,,2.730769231,107
2009,mil,02,2,,9,,3,,,#,5
2009,mil,05,8,,10,5,4,,,0.8,6
2009,mil,07,1,,6,3,4,,,1.333333333,3
2009,mil,08,8,3,50,6,30,,,5,24
2009,mil,10,13,2,16,5,24,,,4.8,18
2009,mil,11,1,,6,,4,,,#,2
2009,mil,12,15,3,25,3,49,,,16.33333333,19
2009,mil,14,3,,50,1,5,,,5,6
2009,mil,15,,,6,,1,,,#,2
2009,mil,16,3,1,26,7,10,,,1.428571429,15
2009,mil,17,2,1,1,1,1,,,1,6
2009,mil,18,,,1,,,,,#,2
2009,mil,19,12,,51,12,24,,,2,14
2009,mil,20,,,3,,,,,#,1
2009,mil,21,,,,,,,,#,1
2009,mil,24,,,,,1,,,#,2
2009,mil,25,6,1,18,1,8,,,8,9
2009,mil,26,3,,15,,1,,,#,10
2009,mil,27,3,,12,1,1,,,1,3
2009,mil,28,30,2,79,21,28,,,1.333333333,50
2009,mil,30,1,,5,1,,,,0,3
2009,mil,32,5,1,46,4,14,,,3.5,10
2009,mil,00,116,14,435,71,212,,,2.985915493,211
2010,mil,01,,,4,1,1,,,1,2
2010,mil,02,,,2,,1,,,#,1
2010,mil,04,,,6,,,,,#,1
2010,mil,05,7,1,25,3,12,,,4,18
2010,mil,06,3,,,,8,,,#,1
2010,mil,07,,,1,1,,,,0,2
2010,mil,08,7,2,42,5,22,,,4.4,30
2010,mil,10,15,1,47,11,48,,,4.363636364,41
2010,mil,12,3,2,43,8,49,,,6.125,34
2010,mil,14,3,3,17,2,8,,,4,10
2010,mil,15,,,15,2,3,,,1.5,2
2010,mil,16,15,2,17,4,20,,,5,22
2010,mil,17,,,12,,,,,#,6
2010,mil,18,12,1,21,2,26,,,13,9
2010,mil,19,48,7,127,18,133,,,7.388888889,110
2010,mil,20,3,,,,6,,,#,2
2010,mil,24,6,2,32,3,10,,,3.333333333,16
2010,mil,25,2,2,62,3,10,,,3.333333333,36
2010,mil,26,1,,20,2,3,,,1.5,13
2010,mil,27,1,,9,1,2,,,2,5
2010,mil,28,132,32,188,28,374,,1,13.35714286,258
2010,mil,30,18,3,72,10,24,,,2.4,20
2010,mil,32,1,,6,4,7,,,1.75,12
2010,mil,00,277,58,768,108,767,,1,7.101851852,651
2011,mil,01,,,4,1,,,,0,1
2011,mil,02,2,,21,,2,,,#,3
2011,mil,03,,1,3,,2,,,#,4
2011,mil,05,19,5,65,6,77,4,1,12.83333333,62
2011,mil,07,,,1,,,,,#,1
2011,mil,08,2,1,19,5,5,,,1,17
2011,mil,10,3,,28,5,22,,,4.4,29
2011,mil,12,30,9,45,10,82,,,8.2,63
2011,mil,14,2,,,,12,,,#,7
2011,mil,16,10,2,44,5,84,,1,16.8,56
2011,mil,17,1,,15,1,1,,,1,5
2011,mil,18,6,,8,,21,,,#,13
2011,mil,19,54,5,190,36,285,2,,7.916666667,210
2011,mil,20,,,1,1,,,,0,3
2011,mil,21,,,,,,,,#,1
2011,mil,24,13,1,52,7,26,,,3.714285714,26
2011,mil,25,20,3,44,12,34,,,2.833333333,48
2011,mil,26,2,,7,,1,,,#,7
2011,mil,27,1,,7,1,1,,,1,3
2011,mil,28,125,13,255,37,481,32,4,13,356
2011,mil,30,32,6,62,10,139,4,2,13.9,81
2011,mil,32,26,4,43,4,49,,,12.25,36
2011,mil,00,348,50,914,141,1324,42,8,9.390070922,1032
2012,mil,05,16,,104,8,71,5,,8.875,68
2012,mil,06,,,8,1,,,,0,2
2012,mil,08,9,3,29,2,10,,,5,29
2012,mil,10,3,1,18,3,9,,,3,11
2012,mil,11,,,11,,,,,#,2
2012,mil,12,13,3,27,4,81,,,20.25,54
2012,mil,14,3,,15,,5,,,#,11
2012,mil,15,2,,2,,7,,,#,4
2012,mil,16,13,5,26,4,80,4,,20,63
2012,mil,17,1,,6,1,1,,,1,4
2012,mil,18,,,1,,4,,,#,4
2012,mil,19,5,3,38,6,69,1,1,11.5,46
2012,mil,20,1,,6,3,1,,,0.333333333,1
2012,mil,23,,,,,,,,#,1
2012,mil,24,3,,14,,14,,,#,9
2012,mil,25,17,10,13,1,48,2,,48,32
2012,mil,26,1,4,6,,6,,,#,8
2012,mil,28,182,21,175,32,501,27,3,15.65625,398
2012,mil,30,8,2,35,4,90,,1,22.5,46
2012,mil,32,15,2,19,1,52,,,52,35
2012,mil,00,292,54,553,70,1049,39,5,14.98571429,828
2013,mil,02,,1,2,,,,,#,4
2013,mil,04,,,5,,2,,,#,1
2013,mil,05,2,,13,2,54,,,27,32
2013,mil,06,4,1,3,,2,,,#,2
2013,mil,08,4,1,21,3,5,,,1.666666667,22
2013,mil,10,1,2,9,2,8,,,4,10
2013,mil,12,16,3,19,3,61,1,,20.33333333,55
2013,mil,14,2,2,6,,10,,1,#,8
2013,mil,15,1,2,5,1,23,,,23,12
2013,mil,16,18,5,31,7,24,3,,3.428571429,46
2013,mil,18,1,,12,2,1,,,0.5,4
2013,mil,19,,,4,2,1,,,0.5,5
2013,mil,24,5,,,,2,,,#,2
2013,mil,25,9,1,9,4,13,1,,3.25,19
2013,mil,26,1,,6,2,1,,,0.5,8
2013,mil,28,80,9,140,28,201,16,2,7.178571429,251
2013,mil,30,3,,10,3,45,,,15,22
2013,mil,32,10,1,21,1,67,,,67,23
2013,mil,00,157,28,316,60,520,21,3,8.666666667,526
2014,mil,05,,,,,5,,,#,2
2014,mil,08,,,17,,7,,,#,6
2014,mil,10,4,2,7,1,3,,,3,4
2014,mil,11,,,2,,,,,#,1
2014,mil,12,2,3,26,3,33,,,11,34
2014,mil,14,6,5,4,,,,,#,5
2014,mil,15,1,,13,,46,,,#,20
2014,mil,16,5,2,7,3,12,,,4,11
2014,mil,19,2,,,,1,,,#,2
2014,mil,21,,,1,1,,,,0,1
2014,mil,25,8,1,17,2,19,,,9.5,19
2014,mil,26,,,4,3,5,,,1.666666667,6
2014,mil,28,57,10,124,19,163,7,2,8.578947368,208
2014,mil,30,1,,54,2,24,,,12,10
2014,mil,32,,,6,1,18,,,18,7
2014,mil,00,86,23,282,35,336,7,2,9.6,336
2015,mil,03,,,2,,,,,#,1
2015,mil,05,,,,,4,,,#,1
2015,mil,07,,,,,,,,#,1
2015,mil,08,,,,,4,,,#,3
2015,mil,10,2,1,4,,5,,,#,4
2015,mil,12,,,5,3,4,,,1.333333333,11
2015,mil,14,14,9,3,1,2,,,2,9
2015,mil,15,,1,,,,,,#,2
2015,mil,16,2,2,48,1,5,,,5,7
2015,mil,19,,,,,,,,#,1
2015,mil,21,1,,,,,,,#,1
2015,mil,25,4,7,5,1,19,,,19,20
2015,mil,26,2,1,3,,2,,,#,9
2015,mil,28,29,3,70,20,124,9,5,6.2,144
2015,mil,30,1,1,3,,7,,,#,8
2015,mil,32,,,5,1,4,,,4,4
2015,mil,00,55,25,148,27,180,9,5,6.666666667,226
2016,mil,03,,,,,,,,#,1
2016,mil,08,2,,5,1,3,,,3,7
2016,mil,10,,,1,1,,,,0,2
2016,mil,11,,1,2,1,,,,0,3
2016,mil,12,4,,13,2,6,,,3,15
2016,mil,14,1,,4,2,,,,0,5
2016,mil,15,2,,12,1,,,,0,2
2016,mil,16,2,1,15,3,9,,,3,17
2016,mil,19,1,,13,,1,,,#,9
2016,mil,20,1,,,,1,,,#,1
2016,mil,21,,,,,,,,#,3
2016,mil,25,17,9,22,4,24,,,6,19
2016,mil,26,,,,,,,,#,1
2016,mil,28,43,3,60,22,114,22,2,5.181818182,127
2016,mil,30,,,11,3,3,,,1,3
2016,mil,00,73,14,158,40,161,22,2,4.025,215
2017,mil,03,1,,,,7,,,#,1
2017,mil,07,,,,2,,,,0,1
2017,mil,08,1,,6,2,12,,,6,10
2017,mil,09,,,,,1,,,#,1
2017,mil,10,,,,,3,,,#,5
2017,mil,11,,,,,,,,#,1
2017,mil,12,3,1,15,3,13,,,4.333333333,21
2017,mil,14,2,2,3,2,8,,,4,9
2017,mil,15,,,6,,3,,,#,3
2017,mil,16,3,,40,6,6,,,1,20
2017,mil,18,,,1,,20,,,#,6
2017,mil,19,2,,4,1,1,,,1,7
2017,mil,20,,,,,,,,#,4
2017,mil,21,15,6,16,1,14,,,14,15
2017,mil,25,6,2,40,7,21,2,,3,49
2017,mil,26,2,,8,5,,3,,0,4
2017,mil,27,,,,,,,,#,1
2017,mil,28,64,11,63,20,131,5,2,6.55,203
2017,mil,30,2,,3,,2,,,#,2
2017,mil,32,1,1,3,2,,,,0,4
2017,mil,00,102,23,208,51,242,10,2,4.745098039,367
2018,mil,02,,,5,,1,,,#,2
2018,mil,05,,1,,3,2,,,0.666666667,1
2018,mil,06,,,,,4,,,#,1
2018,mil,07,,,2,2,2,2,,1,1
2018,mil,08,,,,,,,,#,1
2018,mil,09,,,3,1,,,,0,2
2018,mil,10,,,4,3,,,,0,4
2018,mil,11,,,4,2,16,,,8,6
2018,mil,12,5,4,1,1,12,,,12,20
2018,mil,13,,,,,,,,#,4
2018,mil,14,15,,5,3,11,,,3.666666667,10
2018,mil,15,1,,11,6,2,,,0.333333333,4
2018,mil,16,11,,21,5,12,,,2.4,22
2018,mil,18,2,,,,1,,,#,3
2018,mil,19,,,3,1,1,,,1,3
2018,mil,20,,,,1,,,,0,3
2018,mil,21,1,,1,2,,,,0,4
2018,mil,22,,,,,,,,#,1
2018,mil,23,,,,,1,,,#,1
2018,mil,25,4,1,21,6,7,,,1.166666667,17
2018,mil,26,,,,,2,,,#,7
2018,mil,27,5,1,1,,1,,,#,2
2018,mil,28,88,6,62,8,151,21,6,18.875,183
2018,mil,30,2,,,,5,,,#,5
2018,mil,32,,,3,3,1,,,0.333333333,2
2018,mil,00,134,13,147,47,232,23,6,4.936170213,309
2019,mil,02,,,1,1,1,,,1,2
2019,mil,05,2,,4,,22,,,#,7
2019,mil,07,,1,,,,,,#,1
2019,mil,08,5,,16,2,3,3,,1.5,14
2019,mil,10,2,,,1,2,1,,2,3
2019,mil,11,9,2,16,1,19,,,19,12
2019,mil,12,,4,5,1,23,,,23,11
2019,mil,13,,,,,1,,,#,4
2019,mil,14,5,,36,2,3,1,,1.5,14
2019,mil,15,3,,,,,,,#,5
2019,mil,16,6,2,33,8,28,2,1,3.5,21
2019,mil,17,,,4,2,1,,,0.5,2
2019,mil,18,,,1,1,,,,0,1
2019,mil,19,,,6,,2,,,#,4
2019,mil,20,3,,5,3,4,,,1.333333333,6
2019,mil,21,13,1,23,,,,,#,7
2019,mil,22,3,,,2,,,,0,1
2019,mil,23,,,,,,,,#,1
2019,mil,24,,,,,,,,#,1
2019,mil,25,17,1,2,,1,2,,#,11
2019,mil,26,2,,13,4,2,,,0.5,15
2019,mil,27,,,3,,,,,#,1
2019,mil,28,51,5,21,5,102,11,4,20.4,124
2019,mil,29,,,,,,,,#,1
2019,mil,30,,,6,4,2,2,,0.5,4
2019,mil,32,,,7,2,3,,,1.5,4
2019,mil,00,121,16,202,39,219,22,5,5.615384615,277
2020,mil,02,,,3,,3,,,#,5
2020,mil,03,,,,,,,,#,2
2020,mil,05,,,,,1,,,#,1
2020,mil,07,1,,,,,,,#,1
2020,mil,08,9,,11,1,9,,,9,17
2020,mil,11,10,,28,9,25,,,2.777777778,37
2020,mil,12,1,,28,7,9,,1,1.285714286,20
2020,mil,13,,,1,,,,1,#,6
2020,mil,14,13,3,20,9,5,,,0.555555556,14
2020,mil,15,,,2,,,,,#,1
2020,mil,16,21,3,61,12,35,1,2,2.916666667,75
2020,mil,17,,,5,2,2,,,1,4
2020,mil,19,3,,6,,2,,,#,13
2020,mil,20,2,,15,1,2,,,2,10
2020,mil,21,1,,4,3,,,,0,6
2020,mil,22,,,1,,1,,,#,3
2020,mil,23,3,1,2,,,,,#,1
2020,mil,24,,,13,3,1,,,0.333333333,4
2020,mil,25,1,,8,,1,,,#,7
2020,mil,26,11,,30,4,10,,,2.5,34
2020,mil,28,37,8,41,4,149,5,2,37.25,123
2020,mil,29,7,,,,,,,#,6
2020,mil,30,,,5,1,1,,,1,2
2020,mil,32,9,,15,3,31,,,10.33333333,14
2020,mil,00,129,15,299,59,287,6,6,4.86440678,406
2021,mil,02,,,,1,,,,0,5
2021,mil,03,,,,1,,,,0,1
2021,mil,05,2,,,,,,,#,3
2021,mil,07,9,,,,,,,#,3
2021,mil,08,,1,7,1,1,,,1,5
2021,mil,10,,,,,,,,#,2
2021,mil,11,1,,8,1,5,1,,5,9
2021,mil,12,2,,3,3,2,,,0.666666667,10
2021,mil,13,,,,,,,,#,1
2021,mil,14,13,1,12,4,9,,,2.25,17
2021,mil,15,7,1,,,,,1,#,6
2021,mil,16,20,4,14,2,18,,,9,54
2021,mil,17,,,10,,3,,,#,3
2021,mil,18,2,1,3,4,1,,,0.25,3
2021,mil,19,8,3,,,7,,,#,13
2021,mil,20,,,,,,,,#,1
2021,mil,21,,,4,1,,,,0,1
2021,mil,22,,,,,,,,#,2
2021,mil,23,6,,5,,2,,,#,2
2021,mil,24,,,3,,1,,,#,3
2021,mil,25,,,9,2,1,1,,0.5,13
2021,mil,26,13,2,34,10,17,,,1.7,36
2021,mil,27,,,,,,1,1,#,1
2021,mil,28,34,4,48,9,118,10,2,13.11111111,123
2021,mil,30,,,,,,,,#,1
2021,mil,32,10,1,61,6,15,,,2.5,27
2021,mil,00,127,18,221,45,200,13,4,4.444444444,345
2022,mil,02,,,21,7,,,,0,11
2022,mil,07,4,,3,,2,,,#,7
2022,mil,08,,1,32,1,6,,,6,9
2022,mil,09,2,,,1,,,,0,3
2022,mil,10,,,,1,,,,0,1
2022,mil,11,,,10,2,1,,,0.5,7
2022,mil,12,22,,17,2,1,,,0.5,7
2022,mil,13,19,,,2,,,,0,7
2022,mil,14,14,3,102,6,17,,,2.833333333,44
2022,mil,15,,,7,,8,,,#,4
2022,mil,16,9,2,89,6,35,,,5.833333333,53
2022,mil,17,1,,3,1,1,,,1,3
2022,mil,18,,,5,3,,,,0,4
2022,mil,19,1,,,,1,,,#,4
2022,mil,20,1,,12,,1,,,#,4
2022,mil,22,,,,1,,,,0,1
2022,mil,24,1,,7,3,9,,,3,10
2022,mil,25,3,,8,4,6,1,,1.5,13
2022,mil,26,9,3,95,17,16,2,,0.941176471,53
2022,mil,27,,,,,1,,,#,2
2022,mil,28,25,2,26,6,93,5,2,15.5,109
2022,mil,29,,,,1,,,,0,1
2022,mil,30,1,,19,2,1,,,0.5,4
2022,mil,32,13,3,49,14,27,,,1.928571429,37
2022,mil,00,125,14,505,80,226,8,2,2.825,398
2023,mil,02,1,1,5,2,3,1,,1.5,13
2023,mil,03,,,2,,,,,#,1
2023,mil,04,,,,,,,,#,1
2023,mil,06,3,,12,2,,,,0,6
2023,mil,07,10,3,18,2,6,,,3,22
2023,mil,08,,,2,1,6,,,6,8
2023,mil,09,1,,4,,,,,#,1
2023,mil,10,1,,,,,,,#,2
2023,mil,11,11,,2,2,2,1,,1,13
2023,mil,12,12,5,22,5,12,,,2.4,19
2023,mil,13,2,,1,2,,,,0,4
2023,mil,14,14,7,22,4,10,,,2.5,38
2023,mil,15,2,1,4,2,2,,,1,14
2023,mil,16,32,4,95,8,70,,,8.75,112
2023,mil,17,2,,4,,2,,,#,5
2023,mil,19,4,,2,,8,,,#,17
2023,mil,20,1,,7,1,2,,,2,7
2023,mil,21,4,,2,2,1,,,0.5,9
2023,mil,22,,,,,,,,#,1
2023,mil,23,,,6,,5,,,#,2
2023,mil,24,17,6,2,,19,,,#,12
2023,mil,25,17,7,27,4,17,1,1,4.25,38
2023,mil,26,20,3,33,17,22,1,,1.294117647,46
2023,mil,27,1,,,,2,,,#,3
2023,mil,28,21,4,29,6,86,,,14.33333333,76
2023,mil,29,,,3,,,,,#,2
2023,mil,30,4,,15,2,2,,,1,7
2023,mil,32,9,3,32,4,5,,1,1.25,25
2023,mil,00,189,44,351,66,282,4,2,4.272727273,504
2007,SD,02,,1,,,,,,#,1
2007,SD,05,1,3,,,,,,#,1
2007,SD,09,,,,,,,,#,1
2007,SD,10,1,,4,3,3,,,1,7
2007,SD,11,,,,2,1,,,0.5,1
2007,SD,12,,,1,,,,,#,1
2007,SD,16,4,5,10,,6,,,#,4
2007,SD,18,,,3,2,,,,0,1
2007,SD,19,1,,9,2,,,,0,5
2007,SD,20,,,10,1,2,,,2,6
2007,SD,22,,,,,3,,,#,1
2007,SD,24,,,,,1,,,#,1
2007,SD,25,1,3,,1,5,,,5,5
2007,SD,26,1,1,,1,1,,,1,4
2007,SD,28,3,1,3,,,,,#,7
2007,SD,30,,,,,,,,#,1
2007,SD,32,,,,2,,,,0,1
2007,SD,00,12,14,40,14,22,,,1.571428571,48
2008,SD,01,,1,,2,1,,,0.5,1
2008,SD,02,2,1,8,1,4,,,4,5
2008,SD,05,,,,2,4,,,2,4
2008,SD,08,9,3,18,8,18,,,2.25,14
2008,SD,10,3,1,9,,3,,,#,10
2008,SD,11,2,,,1,3,,,3,2
2008,SD,12,1,1,6,,14,,,#,7
2008,SD,13,,,,1,1,,,1,1
2008,SD,16,3,1,8,2,4,,,2,8
2008,SD,17,,,,,,,,#,1
2008,SD,18,4,,,,1,,,#,1
2008,SD,19,1,,4,1,,,,0,8
2008,SD,20,,,2,,3,,,#,4
2008,SD,25,3,,1,,2,,,#,4
2008,SD,26,2,,1,,1,,,#,4
2008,SD,27,,,,3,2,,,0.666666667,2
2008,SD,28,18,4,34,1,5,,,5,23
2008,SD,30,,2,,3,3,,,1,5
2008,SD,32,2,,,1,2,,,2,2
2008,SD,00,50,14,91,26,71,,,2.730769231,106
2008,SM,16,2,,,,,,,#,1
2008,SM,00,2,,,,,,,#,1
2009,SD,02,2,,9,,3,,,#,5
2009,SD,05,8,,10,5,4,,,0.8,6
2009,SD,07,,,6,3,4,,,1.333333333,2
2009,SD,08,8,3,50,6,30,,,5,24
2009,SD,10,13,2,16,5,24,,,4.8,18
2009,SD,11,1,,6,,4,,,#,2
2009,SD,12,15,3,25,3,49,,,16.33333333,19
2009,SD,14,3,,50,1,5,,,5,6
2009,SD,15,,,6,,1,,,#,2
2009,SD,16,3,1,26,7,10,,,1.428571429,15
2009,SD,17,2,,1,1,,,,0,5
2009,SD,18,,,1,,,,,#,2
2009,SD,19,12,,51,12,24,,,2,14
2009,SD,20,,,3,,,,,#,1
2009,SD,21,,,,,,,,#,1
2009,SD,24,,,,,1,,,#,2
2009,SD,25,6,,18,1,8,,,8,8
2009,SD,26,3,,15,,1,,,#,10
2009,SD,27,3,,12,1,1,,,1,3
2009,SD,28,29,2,79,21,28,,,1.333333333,49
2009,SD,30,1,,5,1,,,,0,3
2009,SD,32,5,1,46,4,14,,,3.5,10
2009,SD,00,114,12,435,71,211,,,2.971830986,207
2009,SM,07,1,,,,,,,#,1
2009,SM,17,,1,,,1,,,#,1
2009,SM,25,,1,,,,,,#,1
2009,SM,28,1,,,,,,,#,1
2009,SM,00,2,2,,,1,,,#,4
2010,SD,01,,,4,1,1,,,1,2
2010,SD,02,,,2,,1,,,#,1
2010,SD,04,,,6,,,,,#,1
2010,SD,05,7,1,25,3,12,,,4,18
2010,SD,07,,,1,1,,,,0,2
2010,SD,08,7,2,42,5,22,,,4.4,30
2010,SD,10,15,1,47,11,48,,,4.363636364,41
2010,SD,12,3,2,43,8,49,,,6.125,32
2010,SD,14,3,3,17,2,8,,,4,10
2010,SD,15,,,15,2,3,,,1.5,2
2010,SD,16,14,1,17,4,16,,,4,20
2010,SD,17,,,12,,,,,#,6
2010,SD,18,12,1,21,2,26,,,13,9
2010,SD,19,45,6,127,18,133,,,7.388888889,107
2010,SD,20,3,,,,6,,,#,2
2010,SD,24,6,2,32,3,10,,,3.333333333,16
2010,SD,25,1,2,62,3,10,,,3.333333333,34
2010,SD,26,1,,20,2,3,,,1.5,13
2010,SD,27,1,,9,1,2,,,2,5
2010,SD,28,120,23,159,28,353,,1,12.60714286,238
2010,SD,30,18,3,72,10,24,,,2.4,20
2010,SD,32,1,,6,4,7,,,1.75,12
2010,SD,00,257,47,739,108,734,,1,6.796296296,621
2010,SM,06,3,,,,8,,,#,1
2010,SM,12,,,,,,,,#,2
2010,SM,16,1,1,,,4,,,#,2
2010,SM,19,3,1,,,,,,#,3
2010,SM,25,1,,,,,,,#,2
2010,SM,28,12,9,29,,21,,,#,20
2010,SM,00,20,11,29,,33,,,#,30
2011,SD,01,,,4,1,,,,0,1
2011,SD,02,2,,21,,2,,,#,3
2011,SD,03,,,3,,1,,,#,3
2011,SD,05,19,5,65,6,77,4,1,12.83333333,62
2011,SD,07,,,1,,,,,#,1
2011,SD,08,2,1,19,5,5,,,1,17
2011,SD,10,3,,28,5,22,,,4.4,29
2011,SD,12,29,7,41,10,82,,,8.2,60
2011,SD,14,2,,,,12,,,#,7
2011,SD,16,10,2,44,5,84,,1,16.8,56
2011,SD,17,1,,15,1,1,,,1,5
2011,SD,18,6,,8,,21,,,#,13
2011,SD,19,54,5,189,36,285,2,,7.916666667,209
2011,SD,20,,,1,1,,,,0,3
2011,SD,21,,,,,,,,#,1
2011,SD,24,13,1,52,7,26,,,3.714285714,26
2011,SD,25,18,1,43,12,32,,,2.666666667,45
2011,SD,26,2,,7,,1,,,#,7
2011,SD,27,1,,7,1,1,,,1,3
2011,SD,28,115,12,253,37,461,32,4,12.45945946,350
2011,SD,30,29,3,61,7,136,4,2,19.42857143,75
2011,SD,32,18,3,43,4,48,,,12,33
2011,SD,00,324,40,905,138,1297,42,8,9.398550725,1009
2011,SM,03,,1,,,1,,,#,1
2011,SM,12,1,2,4,,,,,#,3
2011,SM,19,,,1,,,,,#,1
2011,SM,25,2,2,1,,2,,,#,3
2011,SM,28,10,1,2,,20,,,#,6
2011,SM,30,3,3,1,3,3,,,1,6
2011,SM,32,8,1,,,1,,,#,3
2011,SM,00,24,10,9,3,27,,,9,23
2012,SD,05,16,,101,8,66,5,,8.25,65
2012,SD,06,,,8,1,,,,0,2
2012,SD,08,9,3,29,2,10,,,5,29
2012,SD,10,3,1,18,3,9,,,3,11
2012,SD,11,,,11,,,,,#,2
2012,SD,12,13,2,27,4,78,,,19.5,53
2012,SD,14,3,,15,,5,,,#,11
2012,SD,15,2,,2,,7,,,#,4
2012,SD,16,13,5,26,4,80,4,,20,63
2012,SD,17,1,,6,1,1,,,1,4
2012,SD,18,,,1,,4,,,#,4
2012,SD,19,5,3,38,6,69,1,1,11.5,46
2012,SD,20,1,,6,3,1,,,0.333333333,1
2012,SD,23,,,,,,,,#,1
2012,SD,24,3,,14,,14,,,#,9
2012,SD,25,17,10,13,1,48,2,,48,32
2012,SD,26,1,3,6,,1,,,#,7
2012,SD,28,180,17,174,32,501,27,3,15.65625,394
2012,SD,30,7,2,33,4,90,,1,22.5,44
2012,SD,32,15,1,16,1,49,,,49,33
2012,SD,00,289,47,544,70,1033,39,5,14.75714286,815
2012,SM,05,,,3,,5,,,#,3
2012,SM,12,,1,,,3,,,#,1
2012,SM,26,,1,,,5,,,#,1
2012,SM,28,2,4,1,,,,,#,4
2012,SM,30,1,,2,,,,,#,2
2012,SM,32,,1,3,,3,,,#,2
2012,SM,00,3,7,9,,16,,,#,13
2013,SD,02,,1,,,,,,#,3
2013,SD,05,2,,12,2,45,,,22.5,25
2013,SD,06,4,,3,,2,,,#,1
2013,SD,08,4,1,21,3,5,,,1.666666667,22
2013,SD,10,1,2,9,2,8,,,4,10
2013,SD,12,16,3,19,3,59,1,,19.66666667,51
2013,SD,14,2,2,6,,9,,1,#,7
2013,SD,15,,1,3,1,22,,,22,10
2013,SD,16,17,3,30,7,24,3,,3.428571429,43
2013,SD,18,1,,2,2,,,,0,3
2013,SD,19,,,4,2,1,,,0.5,4
2013,SD,24,5,,,,2,,,#,2
2013,SD,25,9,1,9,4,13,1,,3.25,18
2013,SD,26,1,,6,2,1,,,0.5,8
2013,SD,28,80,9,134,28,177,16,2,6.321428571,240
2013,SD,30,2,,7,3,33,,,11,16
2013,SD,32,10,1,15,1,59,,,59,20
2013,SD,00,154,24,280,60,460,21,3,7.666666667,483
2013,SM,02,,,2,,,,,#,1
2013,SM,04,,,5,,2,,,#,1
2013,SM,05,,,1,,9,,,#,7
2013,SM,06,,1,,,,,,#,1
2013,SM,12,,,,,2,,,#,4
2013,SM,14,,,,,1,,,#,1
2013,SM,15,1,1,2,,1,,,#,2
2013,SM,16,1,2,1,,,,,#,3
2013,SM,18,,,10,,1,,,#,1
2013,SM,19,,,,,,,,#,1
2013,SM,25,,,,,,,,#,1
2013,SM,28,,,6,,24,,,#,11
2013,SM,30,1,,3,,12,,,#,6
2013,SM,32,,,6,,8,,,#,3
2013,SM,00,3,4,36,,60,,,#,43
2014,SD,05,,,,,1,,,#,1
2014,SD,08,,,17,,7,,,#,6
2014,SD,10,4,2,7,1,3,,,3,4
2014,SD,11,,,2,,,,,#,1
2014,SD,12,2,1,18,3,28,,,9.333333333,29
2014,SD,14,6,5,4,,,,,#,5
2014,SD,15,1,,7,,42,,,#,16
2014,SD,16,5,2,6,3,1,,,0.333333333,5
2014,SD,19,2,,,,,,,#,1
2014,SD,21,,,1,1,,,,0,1
2014,SD,25,7,1,15,2,6,,,3,13
2014,SD,26,,,4,3,5,,,1.666666667,6
2014,SD,28,56,6,107,19,126,7,2,6.631578947,173
2014,SD,30,1,,54,2,23,,,11.5,8
2014,SD,32,,,6,1,18,,,18,7
2014,SD,00,84,17,248,35,260,7,2,7.428571429,276
2014,SM,05,,,,,4,,,#,1
2014,SM,12,,2,8,,5,,,#,5
2014,SM,15,,,6,,4,,,#,4
2014,SM,16,,,1,,11,,,#,6
2014,SM,19,,,,,1,,,#,1
2014,SM,25,1,,2,,13,,,#,6
2014,SM,28,1,4,17,,37,,,#,35
2014,SM,30,,,,,1,,,#,2
2014,SM,00,2,6,34,,76,,,#,60
2015,SD,07,,,,,,,,#,1
2015,SD,08,,,,,4,,,#,3
2015,SD,10,2,1,4,,5,,,#,4
2015,SD,12,,,5,3,4,,,1.333333333,11
2015,SD,14,14,9,3,1,2,,,2,8
2015,SD,16,2,2,48,1,5,,,5,7
2015,SD,19,,,,,,,,#,1
2015,SD,21,1,,,,,,,#,1
2015,SD,25,4,1,2,1,,,,0,5
2015,SD,26,2,1,3,,1,,,#,7
2015,SD,28,29,3,69,14,100,9,5,7.142857143,129
2015,SD,30,1,1,3,,2,,,#,5
2015,SD,32,,,5,1,4,,,4,4
2015,SD,00,55,18,142,21,127,9,5,6.047619048,186
2015,SM,03,,,2,,,,,#,1
2015,SM,05,,,,,4,,,#,1
2015,SM,14,,,,,,,,#,1
2015,SM,15,,1,,,,,,#,2
2015,SM,25,,6,3,,19,,,#,15
2015,SM,26,,,,,1,,,#,2
2015,SM,28,,,1,6,24,,,4,15
2015,SM,30,,,,,5,,,#,3
2015,SM,00,,7,6,6,53,,,8.833333333,40
2016,SD,08,2,,5,1,3,,,3,7
2016,SD,10,,,1,1,,,,0,2
2016,SD,11,,1,2,1,,,,0,3
2016,SD,12,4,,9,2,3,,,1.5,11
2016,SD,14,1,,4,2,,,,0,5
2016,SD,15,,,3,1,,,,0,1
2016,SD,16,2,1,15,3,9,,,3,15
2016,SD,19,1,,13,,1,,,#,9
2016,SD,20,1,,,,1,,,#,1
2016,SD,21,,,,,,,,#,3
2016,SD,25,14,9,5,4,8,,,2,9
2016,SD,26,,,,,,,,#,1
2016,SD,28,40,3,53,20,74,22,2,3.7,104
2016,SD,30,,,3,3,2,,,0.666666667,1
2016,SD,00,65,14,113,38,101,22,2,2.657894737,172
2016,SM,03,,,,,,,,#,1
2016,SM,12,,,4,,3,,,#,4
2016,SM,15,2,,9,,,,,#,1
2016,SM,16,,,,,,,,#,2
2016,SM,25,3,,17,,16,,,#,10
2016,SM,28,3,,7,2,40,,,20,23
2016,SM,30,,,8,,1,,,#,2
2016,SM,00,8,,45,2,60,,,30,43
2017,SD,08,1,,6,2,12,,,6,10
2017,SD,10,,,,,,,,#,4
2017,SD,11,,,,,,,,#,1
2017,SD,12,3,1,15,1,12,,,12,19
2017,SD,14,,,3,2,2,,,1,5
2017,SD,15,,,6,,,,,#,2
2017,SD,16,3,,40,6,6,,,1,20
2017,SD,18,,,,,,,,#,2
2017,SD,19,,,4,1,,,,0,6
2017,SD,20,,,,,,,,#,3
2017,SD,21,13,4,13,1,5,,,5,9
2017,SD,25,6,1,39,6,9,2,,1.5,42
2017,SD,26,2,,8,5,,3,,0,4
2017,SD,28,57,9,45,19,81,5,2,4.263157895,172
2017,SD,32,1,1,3,2,,,,0,4
2017,SD,00,86,16,182,45,127,10,2,2.822222222,303
2017,SM,03,1,,,,7,,,#,1
2017,SM,07,,,,2,,,,0,1
2017,SM,09,,,,,1,,,#,1
2017,SM,10,,,,,3,,,#,1
2017,SM,12,,,,2,1,,,0.5,2
2017,SM,14,2,2,,,6,,,#,4
2017,SM,15,,,,,3,,,#,1
2017,SM,18,,,1,,20,,,#,4
2017,SM,19,2,,,,1,,,#,1
2017,SM,20,,,,,,,,#,1
2017,SM,21,2,2,3,,9,,,#,6
2017,SM,25,,1,1,1,12,,,12,7
2017,SM,27,,,,,,,,#,1
2017,SM,28,7,2,18,1,50,,,50,31
2017,SM,30,2,,3,,2,,,#,2
2017,SM,00,16,7,26,6,115,,,19.16666667,64
2018,SD,02,,,5,,1,,,#,2
2018,SD,07,,,2,2,2,2,,1,1
2018,SD,08,,,,,,,,#,1
2018,SD,10,,,4,3,,,,0,4
2018,SD,11,,,4,2,16,,,8,6
2018,SD,12,5,4,1,1,12,,,12,19
2018,SD,13,,,,,,,,#,4
2018,SD,14,2,,5,3,3,,,1,6
2018,SD,15,1,,11,6,2,,,0.333333333,4
2018,SD,16,11,,21,5,6,,,1.2,18
2018,SD,18,2,,,,1,,,#,3
2018,SD,19,,,3,1,1,,,1,3
2018,SD,20,,,,,,,,#,2
2018,SD,21,,,1,,,,,#,3
2018,SD,22,,,,,,,,#,1
2018,SD,25,4,1,19,6,3,,,0.5,16
2018,SD,26,,,,,2,,,#,6
2018,SD,27,5,1,1,,1,,,#,2
2018,SD,28,57,4,62,8,118,21,6,14.75,165
2018,SD,30,,,,,,,,#,1
2018,SD,32,,,3,3,1,,,0.333333333,2
2018,SD,00,87,10,142,40,169,23,6,4.225,269
2018,SM,05,,1,,3,2,,,0.666666667,1
2018,SM,06,,,,,4,,,#,1
2018,SM,09,,,3,1,,,,0,2
2018,SM,12,,,,,,,,#,1
2018,SM,14,13,,,,8,,,#,4
2018,SM,16,,,,,6,,,#,4
2018,SM,20,,,,1,,,,0,1
2018,SM,21,1,,,2,,,,0,1
2018,SM,23,,,,,1,,,#,1
2018,SM,25,,,2,,4,,,#,1
2018,SM,26,,,,,,,,#,1
2018,SM,28,31,2,,,33,,,#,18
2018,SM,30,2,,,,5,,,#,4
2018,SM,00,47,3,5,7,63,,,9,40
2019,GN,07,,1,,,,,,#,1
2019,GN,10,2,,,1,2,,,2,1
2019,GN,11,4,2,11,1,12,,,12,5
2019,GN,12,,,,,,,,#,1
2019,GN,14,,,15,1,1,,,1,2
2019,GN,15,3,,,,,,,#,1
2019,GN,16,3,,6,3,3,,,1,6
2019,GN,20,2,,,,,,,#,2
2019,GN,21,3,,12,,,,,#,2
2019,GN,24,,,,,,,,#,1
2019,GN,25,9,1,,,,,,#,1
2019,GN,26,,,,1,,,,0,1
2019,GN,28,3,,,,,4,1,#,1
2019,GN,00,29,4,44,7,18,4,1,2.571428571,25
2019,SD,02,,,1,1,1,,,1,2
2019,SD,05,2,,4,,22,,,#,7
2019,SD,08,5,,16,2,3,3,,1.5,14
2019,SD,10,,,,,,1,,#,2
2019,SD,11,5,,3,,6,,,#,6
2019,SD,12,,4,4,1,20,,,20,8
2019,SD,13,,,,,1,,,#,4
2019,SD,14,5,,21,1,2,1,,2,12
2019,SD,15,,,,,,,,#,4
2019,SD,16,3,2,27,5,25,2,1,5,15
2019,SD,17,,,4,2,1,,,0.5,2
2019,SD,18,,,1,1,,,,0,1
2019,SD,19,,,6,,2,,,#,4
2019,SD,20,1,,5,3,4,,,1.333333333,4
2019,SD,21,2,,1,,,,,#,3
2019,SD,22,3,,,2,,,,0,1
2019,SD,23,,,,,,,,#,1
2019,SD,25,8,,2,,1,2,,#,10
2019,SD,26,2,,13,3,2,,,0.666666667,13
2019,SD,28,48,5,21,5,102,7,3,20.4,122
2019,SD,29,,,,,,,,#,1
2019,SD,30,,,1,3,2,2,,0.666666667,2
2019,SD,32,,,7,2,3,,,1.5,4
2019,SD,00,84,11,137,31,197,18,4,6.35483871,242
2019,SM,11,,,2,,1,,,#,1
2019,SM,12,,,1,,3,,,#,2
2019,SM,21,8,1,10,,,,,#,2
2019,SM,26,,,,,,,,#,1
2019,SM,27,,,3,,,,,#,1
2019,SM,28,,,,,,,,#,1
2019,SM,30,,,5,1,,,,0,2
2019,SM,00,8,1,21,1,4,,,4,10
2020,GN,02,,,,,1,,,#,1
2020,GN,03,,,,,,,,#,1
2020,GN,07,1,,,,,,,#,1
2020,GN,08,7,,,,,,,#,3
2020,GN,11,9,,25,7,23,,,3.285714286,25
2020,GN,12,,,3,,1,,,#,6
2020,GN,14,13,2,9,1,2,,,2,8
2020,GN,16,15,1,22,2,10,,2,5,33
2020,GN,19,3,,,,,,,#,7
2020,GN,20,2,,5,1,2,,,2,7
2020,GN,21,1,,4,2,,,,0,4
2020,GN,22,,,,,,,,#,1
2020,GN,24,,,5,,,,,#,1
2020,GN,25,1,,3,,,,,#,2
2020,GN,26,6,,14,1,2,,,2,12
2020,GN,28,3,4,1,,,,,#,7
2020,GN,29,7,,,,,,,#,6
2020,GN,32,3,,10,,10,,,#,7
2020,GN,00,71,7,101,14,51,,2,3.642857143,132
2020,SD,02,,,3,,1,,,#,3
2020,SD,05,,,,,1,,,#,1
2020,SD,08,2,,11,1,9,,,9,14
2020,SD,11,1,,3,2,1,,,0.5,11
2020,SD,12,1,,22,7,8,,1,1.142857143,12
2020,SD,13,,,1,,,,1,#,6
2020,SD,14,,1,11,8,3,,,0.375,6
2020,SD,15,,,2,,,,,#,1
2020,SD,16,4,,39,10,25,1,,2.5,40
2020,SD,17,,,5,2,2,,,1,4
2020,SD,19,,,6,,2,,,#,6
2020,SD,20,,,10,,,,,#,3
2020,SD,21,,,,1,,,,0,2
2020,SD,22,,,1,,1,,,#,2
2020,SD,23,3,1,2,,,,,#,1
2020,SD,24,,,8,3,1,,,0.333333333,3
2020,SD,25,,,5,,1,,,#,5
2020,SD,26,5,,16,3,7,,,2.333333333,20
2020,SD,28,34,4,15,4,149,5,2,37.25,112
2020,SD,30,,,5,,1,,,#,1
2020,SD,32,6,,5,3,21,,,7,7
2020,SD,00,56,6,170,44,233,6,4,5.295454545,260
2020,SM,02,,,,,1,,,#,1
2020,SM,03,,,,,,,,#,1
2020,SM,11,,,,,1,,,#,1
2020,SM,12,,,3,,,,,#,2
2020,SM,16,2,2,,,,,,#,2
2020,SM,26,,,,,1,,,#,2
2020,SM,28,,,25,,,,,#,4
2020,SM,30,,,,1,,,,0,1
2020,SM,00,2,2,28,1,3,,,3,14
2021,GN,02,,,,1,,,,0,1
2021,GN,07,5,,,,,,,#,2
2021,GN,11,1,,5,1,4,1,,4,5
2021,GN,12,2,,,,1,,,#,5
2021,GN,13,,,,,,,,#,1
2021,GN,14,5,,,,4,,,#,6
2021,GN,15,7,1,,,,,1,#,3
2021,GN,16,9,,6,1,2,,,2,22
2021,GN,17,,,,,1,,,#,1
2021,GN,18,1,1,,4,1,,,0.25,2
2021,GN,19,6,3,,,2,,,#,8
2021,GN,20,,,,,,,,#,1
2021,GN,22,,,,,,,,#,1
2021,GN,23,6,,,,2,,,#,1
2021,GN,24,,,,,,,,#,1
2021,GN,25,,,1,,1,1,,#,6
2021,GN,26,5,,11,2,6,,,3,15
2021,GN,27,,,,,,1,1,#,1
2021,GN,28,2,,,,4,1,1,#,10
2021,GN,32,3,,12,,6,,,#,12
2021,GN,00,52,5,35,9,34,4,3,3.777777778,104
2021,SD,02,,,,,,,,#,4
2021,SD,03,,,,1,,,,0,1
2021,SD,05,2,,,,,,,#,3
2021,SD,07,4,,,,,,,#,1
2021,SD,08,,1,7,1,1,,,1,5
2021,SD,10,,,,,,,,#,2
2021,SD,11,,,3,,1,,,#,4
2021,SD,12,,,3,3,1,,,0.333333333,5
2021,SD,14,8,1,12,4,5,,,1.25,11
2021,SD,15,,,,,,,,#,3
2021,SD,16,11,4,8,1,16,,,16,31
2021,SD,17,,,10,,2,,,#,2
2021,SD,18,1,,3,,,,,#,1
2021,SD,19,2,,,,5,,,#,5
2021,SD,21,,,4,1,,,,0,1
2021,SD,22,,,,,,,,#,1
2021,SD,24,,,3,,1,,,#,2
2021,SD,25,,,8,2,,,,0,7
2021,SD,26,8,2,20,8,7,,,0.875,18
2021,SD,28,32,4,48,9,114,9,1,12.66666667,113
2021,SD,30,,,,,,,,#,1
2021,SD,32,7,1,49,6,9,,,1.5,15
2021,SD,00,75,13,178,36,162,9,1,4.5,236
2021,SM,16,,,,,,,,#,1
2021,SM,23,,,5,,,,,#,1
2021,SM,26,,,3,,4,,,#,3
2021,SM,00,,,8,,4,,,#,5
2022,GN,02,,,5,1,,,,0,5
2022,GN,07,1,,,,,,,#,2
2022,GN,08,,,12,,,,,#,2
2022,GN,09,2,,,1,,,,0,3
2022,GN,11,,,2,1,1,,,1,4
2022,GN,12,22,,8,1,,,,0,2
2022,GN,13,17,,,,,,,#,6
2022,GN,14,11,3,31,,3,,,#,19
2022,GN,15,,,4,,5,,,#,3
2022,GN,16,5,2,15,,5,,,#,20
2022,GN,18,,,,,,,,#,1
2022,GN,19,,,,,,,,#,2
2022,GN,20,1,,4,,,,,#,2
2022,GN,22,,,,1,,,,0,1
2022,GN,24,1,,3,2,9,,,4.5,6
2022,GN,25,,,,,3,1,,#,6
2022,GN,26,1,,28,3,2,2,,0.666666667,17
2022,GN,27,,,,,,,,#,1
2022,GN,28,,,1,,4,,,#,6
2022,GN,29,,,,1,,,,0,1
2022,GN,30,1,,11,1,1,,,1,2
2022,GN,32,6,2,19,4,5,,,1.25,14
2022,GN,00,68,7,143,16,38,3,,2.375,125
2022,SD,02,,,16,6,,,,0,6
2022,SD,07,3,,3,,2,,,#,4
2022,SD,08,,1,20,1,6,,,6,7
2022,SD,10,,,,1,,,,0,1
2022,SD,11,,,8,1,,,,0,3
2022,SD,12,,,9,1,1,,,1,5
2022,SD,13,2,,,2,,,,0,1
2022,SD,14,3,,71,6,14,,,2.333333333,25
2022,SD,15,,,3,,3,,,#,1
2022,SD,16,4,,74,6,29,,,4.833333333,32
2022,SD,17,1,,3,1,1,,,1,3
2022,SD,18,,,5,3,,,,0,3
2022,SD,19,1,,,,1,,,#,2
2022,SD,20,,,8,,1,,,#,2
2022,SD,24,,,4,1,,,,0,4
2022,SD,25,3,,8,4,3,,,0.75,7
2022,SD,26,5,3,40,11,11,,,1,25
2022,SD,27,,,,,1,,,#,1
2022,SD,28,25,2,25,6,89,5,2,14.83333333,103
2022,SD,30,,,8,1,,,,0,2
2022,SD,32,7,1,30,10,22,,,2.2,23
2022,SD,00,54,7,335,61,184,5,2,3.016393443,260
2022,SM,07,,,,,,,,#,1
2022,SM,16,,,,,1,,,#,1
2022,SM,26,3,,27,3,3,,,1,11
2022,SM,00,3,,27,3,4,,,1.333333333,13
2023,GN,02,1,1,1,,2,1,,#,9
2023,GN,06,2,,3,,,,,#,3
2023,GN,07,6,1,6,1,5,,,5,12
2023,GN,08,,,1,1,3,,,3,3
2023,GN,10,,,,,,,,#,1
2023,GN,11,11,,,1,1,1,,1,8
2023,GN,12,7,1,2,1,,,,0,6
2023,GN,13,1,,1,2,,,,0,2
2023,GN,14,9,4,15,3,5,,,1.666666667,24
2023,GN,15,1,1,3,1,2,,,2,11
2023,GN,16,17,1,42,4,18,,,4.5,40
2023,GN,17,,,1,,,,,#,2
2023,GN,19,4,,2,,4,,,#,13
2023,GN,20,,,4,,1,,,#,5
2023,GN,21,4,,2,2,1,,,0.5,9
2023,GN,22,,,,,,,,#,1
2023,GN,24,11,2,,,7,,,#,6
2023,GN,25,12,2,22,4,16,,1,4,19
2023,GN,26,2,,5,3,2,,,0.666666667,11
2023,GN,27,1,,,,2,,,#,3
2023,GN,28,8,,,2,4,,,2,13
2023,GN,29,,,3,,,,,#,2
2023,GN,30,,,,,,,,#,1
2023,GN,32,1,,7,,,,,#,5
2023,GN,00,98,13,120,25,73,2,1,2.92,209
2023,SD,02,,,4,2,1,,,0.5,4
2023,SD,07,4,2,12,1,1,,,1,9
2023,SD,08,,,1,,3,,,#,5
2023,SD,09,1,,4,,,,,#,1
2023,SD,10,1,,,,,,,#,1
2023,SD,11,,,2,1,1,,,1,5
2023,SD,12,5,4,20,4,12,,,3,12
2023,SD,13,1,,,,,,,#,2
2023,SD,14,5,3,6,1,5,,,5,13
2023,SD,15,1,,1,1,,,,0,3
2023,SD,16,15,3,52,3,51,,,17,70
2023,SD,17,,,,,2,,,#,1
2023,SD,19,,,,,4,,,#,4
2023,SD,23,,,,,4,,,#,1
2023,SD,24,6,4,2,,12,,,#,6
2023,SD,25,5,5,5,,1,1,,#,19
2023,SD,26,17,3,18,13,15,1,,1.153846154,31
2023,SD,28,13,4,13,3,67,,,22.33333333,55
2023,SD,32,8,3,25,4,5,,1,1.25,20
2023,SD,00,82,31,165,33,184,2,1,5.575757576,262
2023,SM,03,,,2,,,,,#,1
2023,SM,04,,,,,,,,#,1
2023,SM,06,1,,9,2,,,,0,3
2023,SM,07,,,,,,,,#,1
2023,SM,12,,,,,,,,#,1
2023,SM,14,,,1,,,,,#,1
2023,SM,16,,,1,1,1,,,1,2
2023,SM,17,2,,3,,,,,#,2
2023,SM,20,1,,3,1,1,,,1,2
2023,SM,23,,,6,,1,,,#,1
2023,SM,26,1,,10,1,5,,,5,4
2023,SM,28,,,16,1,15,,,15,8
2023,SM,30,4,,15,2,2,,,1,6
2023,SM,00,9,,66,8,25,,,3.125,33